{
  "L3-000": {
    "pattern_id": "L3-000",
    "complexity": 3,
    "frequency": 4,
    "prototype": [
      1.1698909997940063,
      1.1831902265548706,
      1.2126688957214355,
      0.9600577354431152,
      0.45031750202178955,
      0.013585565611720085,
      -0.07381023466587067,
      -0.05202993378043175,
      -0.49081185460090637,
      -0.5644875764846802,
      -0.9035243988037109,
      -0.9042297601699829,
      -0.7798928618431091,
      -0.8312345147132874,
      -0.8719568252563477,
      -0.9391361474990845,
      -1.1171523332595825,
      -1.0966951847076416,
      -1.332327961921692,
      -1.2815744876861572,
      -1.6683392524719238,
      0.3728276789188385,
      -0.8076868057250977,
      -1.1055052280426025,
      -1.3783161640167236,
      -1.3417530059814453,
      0.9778539538383484,
      -0.9444941878318787,
      0.35343626141548157,
      -1.112210750579834,
      -1.0744976997375488,
      -0.11260725557804108,
      -0.9333706498146057,
      -0.8807550072669983,
      -0.9675654172897339,
      -1.4219714403152466,
      -1.0,
      -1.0,
      0.0
    ]
  },
  "L3-001": {
    "pattern_id": "L3-001",
    "complexity": 3,
    "frequency": 8,
    "prototype": [
      -1.228267788887024,
      -1.2998366355895996,
      -0.6496177911758423,
      -0.047329746186733246,
      0.12185303866863251,
      0.3075666129589081,
      0.7851550579071045,
      0.7460240721702576,
      0.7284793853759766,
      0.8889399766921997,
      1.1075900793075562,
      1.2212214469909668,
      1.312800645828247,
      1.3604316711425781,
      1.297926902770996,
      1.0437930822372437,
      0.856326699256897,
      0.6951066851615906,
      0.5463683009147644,
      0.6024116277694702,
      0.853000283241272,
      0.16208787262439728,
      0.550228476524353,
      0.42089325189590454,
      0.9726030826568604,
      0.6642307043075562,
      -0.19334086775779724,
      -0.04615261033177376,
      0.19721096754074097,
      0.30593663454055786,
      1.3506640195846558,
      -1.1961263418197632,
      0.19801552593708038,
      -0.014902547001838684,
      -0.20194295048713684,
      0.24671660363674164,
      -0.25,
      1.0,
      0.0
    ]
  },
  "L3-002": {
    "pattern_id": "L3-002",
    "complexity": 3,
    "frequency": 7,
    "prototype": [
      -1.0171699523925781,
      -0.5947216749191284,
      -0.8124491572380066,
      -0.9233452677726746,
      -1.129612684249878,
      -1.2900729179382324,
      -1.245053768157959,
      -0.8482416868209839,
      -0.6955686807632446,
      -0.8526256084442139,
      -0.823688268661499,
      -0.3059183955192566,
      -0.3637482523918152,
      -0.3268379867076874,
      -0.27176862955093384,
      -0.3051952123641968,
      0.034885112196207047,
      0.4687672257423401,
      1.1294047832489014,
      1.438289761543274,
      1.1189818382263184,
      -0.1108158603310585,
      0.4719119369983673,
      0.6882150769233704,
      0.6305802464485168,
      1.049735426902771,
      0.452792763710022,
      0.15128836035728455,
      -0.39627805352211,
      1.514634370803833,
      0.6815528273582458,
      1.2360633611679077,
      1.7003883123397827,
      1.597385287284851,
      1.68068528175354,
      1.585813045501709,
      1.0,
      1.0,
      0.0
    ]
  },
  "L3-003": {
    "pattern_id": "L3-003",
    "complexity": 3,
    "frequency": 7,
    "prototype": [
      0.849581778049469,
      1.0031914710998535,
      0.5395519733428955,
      0.3438902497291565,
      0.24255293607711792,
      -0.10336155444383621,
      -0.03534698113799095,
      -0.7271888256072998,
      -0.8919616937637329,
      -0.9758176803588867,
      -0.8492991924285889,
      -1.2689411640167236,
      -1.085564136505127,
      -0.8472743630409241,
      -0.13575038313865662,
      -0.009373391047120094,
      0.1070728451013565,
      0.519802987575531,
      0.3892541527748108,
      0.16281475126743317,
      -0.1708037406206131,
      0.5047421455383301,
      0.1576480269432068,
      -0.5221511125564575,
      0.11773340404033661,
      -0.4364181458950043,
      0.1469627022743225,
      0.7582343220710754,
      -0.6185674667358398,
      0.12883491814136505,
      -0.09112764149904251,
      0.6229140162467957,
      0.18698343634605408,
      -0.021827181801199913,
      0.4616897404193878,
      0.22877328097820282,
      1.0,
      -0.4285714626312256,
      0.0
    ]
  },
  "L3-004": {
    "pattern_id": "L3-004",
    "complexity": 3,
    "frequency": 4,
    "prototype": [
      0.5632743835449219,
      0.14464055001735687,
      0.05606773868203163,
      -0.8318330645561218,
      0.11435753852128983,
      0.7501957416534424,
      -0.49863874912261963,
      0.16294892132282257,
      -0.15195997059345245,
      0.4305981695652008,
      0.3503198027610779,
      0.19088216125965118,
      0.01600421406328678,
      0.20589390397071838,
      -0.4327053129673004,
      -0.5628458261489868,
      -1.0418421030044556,
      -1.4442464113235474,
      -0.7142266631126404,
      -0.4610264003276825,
      -0.16454656422138214,
      -0.42608383297920227,
      0.8865944147109985,
      0.5044716000556946,
      -0.7325904369354248,
      0.08049924671649933,
      0.24779415130615234,
      0.29178470373153687,
      0.03966698795557022,
      -0.41713908314704895,
      -0.384209543466568,
      -0.40538594126701355,
      -0.30818554759025574,
      0.408133864402771,
      -0.007191121578216553,
      -0.07457270473241806,
      -1.0,
      -1.0,
      0.0
    ]
  },
  "L3-005": {
    "pattern_id": "L3-005",
    "complexity": 3,
    "frequency": 3,
    "prototype": [
      0.4451330304145813,
      0.6729047298431396,
      0.9337819814682007,
      1.0083768367767334,
      1.361241102218628,
      1.4182217121124268,
      1.1018362045288086,
      0.9941849708557129,
      0.8591663837432861,
      0.779627799987793,
      0.5858905911445618,
      0.618817150592804,
      0.395652711391449,
      0.04437630996108055,
      -0.5945152044296265,
      -0.5349293947219849,
      -0.814362645149231,
      -1.1524709463119507,
      -1.2765697240829468,
      -1.0073398351669312,
      -0.9222134351730347,
      -1.5517381429672241,
      -1.3640103340148926,
      0.5007907748222351,
      -1.2831398248672485,
      -0.012897695414721966,
      0.3872097432613373,
      -1.223772644996643,
      0.31594058871269226,
      -1.5900167226791382,
      -0.9912974834442139,
      -0.6832000613212585,
      -1.071371078491211,
      -0.24493560194969177,
      -0.8586258888244629,
      -1.1041390895843506,
      -1.0,
      -1.0,
      0.0
    ]
  },
  "L3-006": {
    "pattern_id": "L3-006",
    "complexity": 3,
    "frequency": 5,
    "prototype": [
      0.09432130306959152,
      -0.03376645967364311,
      -0.00276169553399086,
      0.18446896970272064,
      0.6450514197349548,
      0.7404047846794128,
      0.9583527445793152,
      0.936773955821991,
      1.3245595693588257,
      0.8007717132568359,
      0.7865784764289856,
      0.5059605836868286,
      0.328202486038208,
      0.128678560256958,
      -0.034985557198524475,
      -0.4121542274951935,
      0.07325458526611328,
      -0.23079517483711243,
      -0.8744142055511475,
      -1.1723049879074097,
      -0.5676586627960205,
      0.7791515588760376,
      0.2855846583843231,
      -1.0220756530761719,
      -0.14581377804279327,
      -0.8083915114402771,
      0.0785960778594017,
      0.3105957806110382,
      -0.5020055174827576,
      -0.8546538352966309,
      -0.7211490273475647,
      -0.3027688264846802,
      -1.3880103826522827,
      -1.2447128295898438,
      -1.2618335485458374,
      -1.0516233444213867,
      -1.0,
      -1.0,
      0.0
    ]
  },
  "L3-007": {
    "pattern_id": "L3-007",
    "complexity": 3,
    "frequency": 4,