{
  "L3-000": {
    "pattern_id": "L3-000",
    "complexity": 3,
    "frequency": 4,
    "prototype": [
      -1.0402095317840576,
      -1.4892934560775757,
      -1.1559829711914062,
      -0.5118013024330139,
      -0.14843986928462982,
      0.13573522865772247,
      0.8667153120040894,
      0.6263769865036011,
      0.9104587435722351,
      0.8799198865890503,
      1.1006760597229004,
      1.3347010612487793,
      1.5976271629333496,
      1.51991868019104,
      1.2631936073303223,
      1.0101441144943237,
      0.3959406912326813,
      0.35752981901168823,
      0.28736019134521484,
      0.5915296077728271,
      0.8413676023483276,
      0.6110153198242188,
      0.5085629224777222,
      0.33738794922828674,
      1.4950084686279297,
      0.23746110498905182,
      -0.30670785903930664,
      -0.12716901302337646,
      0.21820005774497986,
      0.2923278212547302,
      1.9397411346435547,
      -2.1568350791931152,
      0.3052554726600647,
      0.2775103449821472,
      -0.20573410391807556,
      0.2796992361545563,
      -0.9607688784599304,
      1.0408329963684082,
      0.0
    ]
  },
  "L3-001": {
    "pattern_id": "L3-001",
    "complexity": 3,
    "frequency": 6,
    "prototype": [
      0.1508045345544815,
      0.14454172551631927,
      0.7899986505508423,
      0.7773422598838806,
      1.084219217300415,
      1.4812817573547363,
      0.9261188507080078,
      0.6870743632316589,
      0.2043043076992035,
      0.4098949134349823,
      -0.13282181322574615,
      0.04561833292245865,
      -0.36159539222717285,
      -0.4915010333061218,
      -1.0845962762832642,
      -0.7939152717590332,
      -0.9575955867767334,
      -1.2164561748504639,
      -0.8100090026855469,
      -0.6278281211853027,
      -0.3984909653663635,
      0.3586428165435791,
      0.6068673133850098,
      -0.34776827692985535,
      -0.33508193492889404,
      -0.43835002183914185,
      -0.7114400863647461,
      0.6635528802871704,
      0.5356636047363281,
      -0.9902917742729187,
      -0.6505752801895142,
      -0.45193910598754883,
      -0.557467520236969,
      0.3202809989452362,
      -0.08327431976795197,
      -0.5234810709953308,
      -0.9607688188552856,
      -0.9607688784599304,
      0.0
    ]
  },
  "L3-002": {
    "pattern_id": "L3-002",
    "complexity": 3,
    "frequency": 7,
    "prototype": [
      0.028658537194132805,
      0.1593078225851059,
      0.06301367282867432,
      -0.20839324593544006,
      -0.41133710741996765,
      -0.8367779850959778,
      -0.7797217965126038,
      -0.6314247250556946,
      -0.9035316705703735,
      -1.2245917320251465,
      -0.9908595085144043,
      -0.7756097912788391,
      -0.94008469581604,
      -0.6292074918746948,
      -0.8377711772918701,
      -0.8002514839172363,
      -0.04954145476222038,
      0.697953999042511,
      0.9181206226348877,
      1.1174156665802002,
      0.22528894245624542,
      0.6228002905845642,
      0.09714344888925552,
      -0.30154213309288025,
      0.6592810153961182,
      0.048682693392038345,
      -0.13971784710884094,
      0.47120916843414307,
      -0.24391064047813416,
      0.7817658185958862,
      0.16994298994541168,
      0.8027781248092651,
      1.3476468324661255,
      1.1051983833312988,
      1.2227630615234375,
      0.8876367807388306,
      1.0408331155776978,
      0.46894675493240356,
      0.0
    ]
  },
  "L3-003": {
    "pattern_id": "L3-003",
    "complexity": 3,
    "frequency": 6,
    "prototype": [
      0.3378131091594696,
      0.3395918309688568,
      -0.424849271774292,
      -0.6831227540969849,
      -1.051242470741272,
      -0.9767333269119263,
      -1.1922404766082764,
      -1.1702100038528442,
      -0.7164546251296997,
      -0.6261245012283325,
      -0.17999829351902008,
      -0.3112812936306,
      0.2067529410123825,
      0.15763956308364868,
      0.7191954851150513,
      0.9974135160446167,
      0.8651273846626282,
      0.9575950503349304,
      0.8038151264190674,
      -0.014808622188866138,
      -0.08185234665870667,
      -0.4102199971675873,
      -0.7184362411499023,
      -0.2806798219680786,
      -0.28666332364082336,
      0.0616992823779583,
      -0.17100755870342255,
      -0.17668505012989044,
      0.19741998612880707,
      0.42457646131515503,
      -0.14613035321235657,
      0.45140311121940613,
      0.02550300396978855,
      -0.6960314512252808,
      -0.22551339864730835,
      0.09755460917949677,
      1.0408331155776978,
      1.0408329963684082,
      0.0
    ]
  },
  "L3-004": {
    "pattern_id": "L3-004",
    "complexity": 3,
    "frequency": 5,
    "prototype": [
      1.0267250537872314,
      1.0382027626037598,
      0.7648015022277832,
      0.407631516456604,
      0.1655806452035904,
      0.22233882546424866,
      0.39700430631637573,
      0.4801212251186371,
      0.2697668969631195,
      0.05191221088171005,
      -0.48710381984710693,
      -1.159136176109314,
      -1.2184826135635376,
      -1.0835317373275757,
      -0.09705252945423126,
      0.07843362540006638,
      -0.34731435775756836,
      -0.43509528040885925,
      -0.22247539460659027,
      -0.11519020050764084,
      -0.2761043906211853,
      -0.3221605718135834,
      -0.06369902193546295,
      0.35858064889907837,
      -0.48977145552635193,
      -0.32091668248176575,
      0.5342945456504822,
      0.10981766134500504,
      -0.4529440999031067,
      -0.11846813559532166,
      -0.5087481141090393,
      0.26923665404319763,
      -0.16867098212242126,
      0.03554437682032585,
      0.25678449869155884,
      -0.05875079333782196,
      0.6405126452445984,
      -0.9607688784599304,
      0.0
    ]
  },
  "L3-005": {
    "pattern_id": "L3-005",
    "complexity": 3,
    "frequency": 9,
    "prototype": [
      0.9923303723335266,
      1.0205334424972534,
      0.9605531692504883,
      0.7662366032600403,
      0.6474907994270325,
      0.436177521944046,
      0.23791873455047607,
      0.18857067823410034,
      -0.008482029661536217,
      0.11216855049133301,
      -0.02918817847967148,
      -0.14050476253032684,
      -0.1774255335330963,
      -0.2442939728498459,
      -0.6317682266235352,
      -0.8726195096969604,
      -0.9693471789360046,
      -0.9476758241653442,
      -1.1684728860855103,
      -1.2192779779434204,
      -1.3664546012878418,
      -0.29229843616485596,
      -0.8424023985862732,
      -0.4770105183124542,
      -1.2811344861984253,
      -0.9271159768104553,
      0.7693267464637756,
      -0.9831238985061646,
      0.543459415435791,
      -1.1337554454803467,
      -1.0669230222702026,
      -0.33365800976753235,
      -1.1106020212173462,
      -0.8437749743461609,
      -1.063590407371521,
      -1.2587515115737915,
      -0.9607687592506409,
      -0.9607688188552856,
      0.0
    ]
  },
  "L3-006": {
    "pattern_id": "L3-006",
    "complexity": 3,
    "frequency": 4,
    "prototype": [
      -0.9769574403762817,
      -0.8729188442230225,
      -0.08284163475036621,
      0.6256423592567444,
      0.7034729719161987,
      0.5243775844573975,
      0.40628767013549805,
      0.10082294791936874,
      0.3878050446510315,
      0.4417521059513092,
      0.8209046125411987,
      1.2521758079528809,
      1.2193702459335327,
      1.2871452569961548,
      0.8204398155212402,
      0.24991749227046967,
      0.12837842106819153,
      -0.3895227909088135,
      -0.7068240642547607,
      -0.32822996377944946,
      0.4310458302497864,
      -0.15390624105930328,
      -0.1974264532327652,
      0.5040187239646912,
      0.5642169713973999,
      0.2930840253829956,
      -0.4146120548248291,
      0.037730276584625244,
      -0.9141662120819092,
      -0.3294548988342285,
      -0.021904539316892624,
      -0.6664562821388245,
      -0.49032559990882874,
      -0.19396333396434784,
      -0.5617011785507202,
      -0.2807615101337433,
      -0.9607688784599304,
      0.04003205895423889,
      0.0
    ]
  },